{
    "best_model_name": "Logistic Regression",
    "metrics": {
        "Accuracy": 0.8617886178861789,
        "Precision": 0.84,
        "Recall": 0.9882352941176471,
        "F1_Score": 0.9081081081081082
    },
    "feature_importances": {
        "Credit_History_0.0": 0.25618978544057236,
        "Credit_History_1.0": 0.25611240546160713,
        "Property_Area_Semiurban": 0.07628641189281858,
        "Property_Area_Rural": 0.05208217025654405,
        "Married_No": 0.04366801205396485,
        "Married_Yes": 0.043590632074999955,
        "Dependents_1": 0.041385248918876225,
        "Dependents_2": 0.040373529298005494,
        "Education_Not Graduate": 0.03430558055639633,
        "Education_Graduate": 0.03422820057743143,
        "CoapplicantIncome": 0.027761923249082,
        "Property_Area_Urban": 0.02428162161523941,
        "Self_Employed_Yes": 0.012617342332202394,
        "Self_Employed_No": 0.012539962353237491,
        "Gender_Male": 0.011220985927793364,
        "Gender_Female": 0.011143605948828393,
        "Dependents_3+": 0.007650043202741848,
        "Dependents_0": 0.0067157035608359185,
        "ApplicantIncome": 0.003855478579046859,
        "LoanAmount": 0.0033970671284298697,
        "Loan_Amount_Term": 0.0005942895713459908
    },
    "comparison_results": {
        "Logistic Regression": {
            "Accuracy": 0.8617886178861789,
            "Precision": 0.84,
            "Recall": 0.9882352941176471,
            "F1_Score": 0.9081081081081082
        },
        "Decision Tree": {
            "Accuracy": 0.7398373983739838,
            "Precision": 0.8192771084337349,
            "Recall": 0.8,
            "F1_Score": 0.8095238095238095
        },
        "Random Forest": {
            "Accuracy": 0.8130081300813008,
            "Precision": 0.8369565217391305,
            "Recall": 0.9058823529411765,
            "F1_Score": 0.8700564971751412
        },
        "XGBoost": {
            "Accuracy": 0.8130081300813008,
            "Precision": 0.8522727272727273,
            "Recall": 0.8823529411764706,
            "F1_Score": 0.8670520231213873
        }
    },
    "defaults": {
        "Gender": "Male",
        "Married": "Yes",
        "Dependents": "0",
        "Education": "Graduate",
        "Self_Employed": "No",
        "ApplicantIncome": 3812.5,
        "CoapplicantIncome": 0.0,
        "LoanAmount": 128.0,
        "Loan_Amount_Term": 360.0,
        "Credit_History": "1.0",
        "Property_Area": "Semiurban"
    }
}