{
    "best_model_name": "Random Forest",
    "metrics": {
        "Accuracy": 0.8699186991869918,
        "Precision": 0.8484848484848485,
        "Recall": 0.9882352941176471,
        "F1_Score": 0.9130434782608695
    },
    "feature_importances": {
        "Credit_History_1.0": 0.30089104558168694,
        "Credit_History_0.0": 0.23178994808252248,
        "Total_Income": 0.1014945976804684,
        "Income_to_Loan_Ratio": 0.05846329139021832,
        "ApplicantIncome": 0.052121488143154655,
        "DTI": 0.051100882774108035,
        "LoanAmount": 0.04812580970572184,
        "Property_Area_Semiurban": 0.03320511825177866,
        "CoapplicantIncome": 0.02735073061735949,
        "EMI": 0.02336811781575868,
        "Loan_Amount_Term": 0.022772588569831536,
        "Married_No": 0.008488208649983765,
        "Property_Area_Rural": 0.007789354844426778,
        "Self_Employed_Yes": 0.005766154270076397,
        "Education_Not Graduate": 0.00556619566139566,
        "Dependents_3+": 0.005078051609682251,
        "Gender_Female": 0.004776846745454856,
        "Married_Yes": 0.0032249982515361103,
        "Property_Area_Urban": 0.0026453328430745514,
        "Gender_Male": 0.0020632966423673846,
        "Education_Graduate": 0.0017018617441109545,
        "Dependents_0": 0.0014253768777132776,
        "Dependents_1": 0.0007907032475691149,
        "Dependents_2": 0.0,
        "Self_Employed_No": 0.0
    },
    "comparison_results": {
        "Logistic Regression": {
            "Accuracy": 0.8780487804878049,
            "Precision": 0.8571428571428571,
            "Recall": 0.9882352941176471,
            "F1_Score": 0.9180327868852459
        },
        "Decision Tree": {
            "Accuracy": 0.6910569105691057,
            "Precision": 0.821917808219178,
            "Recall": 0.7058823529411765,
            "F1_Score": 0.759493670886076
        },
        "Random Forest": {
            "Accuracy": 0.8861788617886179,
            "Precision": 0.8901098901098901,
            "Recall": 0.9529411764705882,
            "F1_Score": 0.9204545454545454
        },
        "XGBoost": {
            "Accuracy": 0.8048780487804879,
            "Precision": 0.8426966292134831,
            "Recall": 0.8823529411764706,
            "F1_Score": 0.8620689655172413
        }
    },
    "defaults": {
        "Gender": "Male",
        "Married": "Yes",
        "Dependents": "0",
        "Education": "Graduate",
        "Self_Employed": "No",
        "ApplicantIncome": 3812.5,
        "CoapplicantIncome": 0.0,
        "LoanAmount": 128.0,
        "Loan_Amount_Term": 360.0,
        "Credit_History": "1.0",
        "Property_Area": "Semiurban",
        "Total_Income": 5416.5,
        "Income_to_Loan_Ratio": 41.42653683719662,
        "EMI": 779.4156826985841,
        "DTI": 14.81704292135558
    }
}